time,||u||_rms
0.05,0.355255
0.1,0.329855
0.15,0.289473
0.2,0.239114
0.25,0.182833
0.3,0.126491
0.35,0.0756139
0.4,0.0351864
0.45,0.00916183
0.5,5.53773e-05
0.55,0.00889539
0.6,0.0345715
0.65,0.0748174
0.7,0.125529
0.75,0.181808
0.8,0.23813
0.85,0.288986
0.9,0.329398
0.95,0.355409
1,0.364474

